time_utc,band,de_call,dx_call,de_grid,dx_grid,distance_km,analytic_daylight_fraction,analytic_dark_fraction,sample9_daylight_fraction,sample9_dark_fraction,sample9_min_elevation_deg,sample9_max_elevation_deg,dark_abs_delta,daylight_abs_delta
2026-06-18T18:56:00Z,160m,HA1VHF-#,OK1CF,JN87FI,JO60TL,404.416417,0.659300,0.000000,0.666667,0.000000,-1.142318,2.210471,0.000000,0.007366
2026-06-18T18:52:15Z,160m,JI1HFJ-#,JA7EVP,PM95SS95,QM08LQ,347.713338,0.000000,0.207489,0.000000,0.222222,-6.537120,-3.946407,0.014734,0.000000
2026-06-18T18:50:00Z,160m,OH0K/6-#,EU6KA,KP03SF,KO55BE,1016.987201,0.826237,0.000000,0.777778,0.000000,-1.513799,7.196190,0.000000,0.048459
2026-06-18T18:49:45Z,160m,DL0PF-#,EU6KA,JN68RN,KO55BE,1355.543814,0.578473,0.000000,0.555556,0.000000,-1.489574,2.041966,0.000000,0.022918
2026-06-18T18:49:00Z,160m,HB9CA-#,R46RUH,JN47BM,JO29,1347.577846,1.000000,0.000000,1.000000,0.000000,4.614865,11.928506,0.000000,0.000000
2026-06-18T18:49:00Z,160m,LB9KJ-1-#,OK1CF,JO29QJ,JO60TL,1120.924324,1.000000,0.000000,1.000000,0.000000,3.126242,11.711453,0.000000,0.000000
2026-06-18T18:48:50Z,160m,EI4HQ-#,OK1CF,IO51UU,JO60TL,1529.924779,1.000000,0.000000,1.000000,0.000000,3.148223,16.072613,0.000000,0.000000
2026-06-18T18:48:46Z,160m,IK6IOQ-#,EU6KA,JN72CK,KO55BE,1826.407537,0.000000,0.000000,0.000000,0.000000,-1.701862,-1.394060,0.000000,0.000000
2026-06-18T18:48:30Z,160m,OE3GBB-#,EU6KA,JN87AQ,KO55BE,1279.735493,0.178394,0.000000,0.222222,0.000000,-1.368095,0.298315,0.000000,0.043828
2026-06-18T18:48:29Z,160m,UA3ZUX-#,EU6KA,KO90DK,KO55BE,760.813107,0.000000,0.318596,0.000000,0.333333,-8.166302,-1.366471,0.014737,0.000000
2026-06-18T18:48:15Z,160m,LY4PR-#,EU6KA,KO25VW,KO55BE,284.906861,0.405563,0.000000,0.444444,0.000000,-1.343728,0.916791,0.000000,0.038881
2026-06-18T18:48:15Z,160m,YO5PLD-#,EU6KA,KN05NR,KO55BE,1227.416096,0.000000,0.000000,0.000000,0.000000,-3.622909,-1.343728,0.000000,0.000000
2026-06-18T18:47:59Z,160m,UA3ZUX-#,RA6ATZ,KO90DK,KN96JC,483.260426,0.000000,1.000000,0.000000,1.000000,-11.796501,-8.118917,0.000000,0.000000
2026-06-18T18:47:59Z,160m,EU6KA-#,RA6ATZ,KO55BE,KN96JC,1178.501853,0.000000,0.553223,0.000000,0.555556,-11.796501,-1.317710,0.002332,0.000000
2026-06-18T18:47:58Z,160m,RC6OZ-#,RA6ATZ,KN98BI,KN96JC,255.199698,0.000000,1.000000,0.000000,1.000000,-11.794778,-9.721523,0.000000,0.000000
2026-06-18T18:47:45Z,160m,SM0HXM/X-#,RA6ATZ,JO89TF,KN96JC,2024.292156,0.353324,0.317086,0.333333,0.333333,-11.772366,6.432051,0.016247,0.019990
2026-06-18T18:47:17Z,160m,PD2RPS-#,OK1CF,JO22VW,JO60TL,604.572270,1.000000,0.000000,1.000000,0.000000,3.353030,8.778150,0.000000,0.000000
2026-06-18T18:47:00Z,160m,M1GEO-#,G0UFB,JO02EH,IO92,95.573853,1.000000,0.000000,1.000000,0.000000,11.513348,12.358657,0.000000,0.000000
2026-06-18T18:47:00Z,160m,MM9PSY-#,OK1CF,JO26,JO60TL,878.332677,1.000000,0.000000,1.000000,0.000000,3.390543,10.837621,0.000000,0.000000
2026-06-18T18:47:00Z,160m,GM0UDL-#,OK1CF,IO77VO,JO60TL,1401.654554,1.000000,0.000000,1.000000,0.000000,3.390543,15.881157,0.000000,0.000000
2026-06-18T18:47:00Z,160m,M1GEO-#,OK1CF,JO02EH,JO60TL,940.156700,1.000000,0.000000,1.000000,0.000000,3.390543,11.513348,0.000000,0.000000
2026-06-18T18:47:00Z,160m,OK1FCJ-#,OK1CF,JN79,JO60TL,146.682276,1.000000,0.000000,1.000000,0.000000,2.109264,3.390543,0.000000,0.000000
2026-06-18T18:47:00Z,160m,OK1HRA-#,OK1CF,JO60WA,JO60TL,53.975240,1.000000,0.000000,1.000000,0.000000,3.003091,3.390543,0.000000,0.000000
2026-06-18T18:47:00Z,160m,S54L-#,OK1CF,JN75FV,JO60TL,513.364561,1.000000,0.000000,1.000000,0.000000,0.366376,3.390543,0.000000,0.000000
2026-06-18T18:47:00Z,160m,PI4CC-#,OK1CF,KO59DW,JO60TL,1483.472349,1.000000,0.000000,1.000000,0.000000,2.174149,3.390543,0.000000,0.000000
2026-06-18T18:47:00Z,160m,OE9GHV-#,OK1CF,JN47WK,JO60TL,435.030323,1.000000,0.000000,1.000000,0.000000,3.390543,3.845177,0.000000,0.000000
2026-06-18T18:47:00Z,160m,DK3WW-#,OK1CF,JO62MG,JO60TL,203.295128,1.000000,0.000000,1.000000,0.000000,3.390543,4.679780,0.000000,0.000000
2026-06-18T18:47:00Z,160m,HA8TKS-#,OK1CF,JN96UV18,JO60TL,598.124997,0.633555,0.000000,0.666667,0.000000,-1.961080,3.390543,0.000000,0.033112
2026-06-18T18:47:00Z,160m,ES2RR-#,OK1CF,KO29HG,JO60TL,1201.274448,1.000000,0.000000,1.000000,0.000000,3.390543,3.758040,0.000000,0.000000
2026-06-18T18:47:00Z,160m,DF7GB-#,OK1CF,JN49CX06,JO60TL,389.206366,1.000000,0.000000,1.000000,0.000000,3.390543,6.078454,0.000000,0.000000
2026-06-18T18:47:00Z,160m,G4ZFE-#,OK1CF,IO91PK,JO60TL,1007.909067,1.000000,0.000000,1.000000,0.000000,3.390543,11.782601,0.000000,0.000000
2026-06-18T18:47:00Z,160m,IK3STG-#,OK1CF,IN35,JO60TL,2044.921217,1.000000,0.000000,1.000000,0.000000,3.390543,17.513567,0.000000,0.000000
2026-06-18T18:47:00Z,160m,SM1HEV-#,OK1CF,JO97BM,JO60TL,835.961134,1.000000,0.000000,1.000000,0.000000,3.390543,5.283605,0.000000,0.000000
2026-06-18T18:47:00Z,160m,LZ5DI-#,OK1CF,KN12QP,JO60TL,1144.495036,0.336974,0.066672,0.333333,0.111111,-6.670665,3.390543,0.044439,0.003641
2026-06-18T18:47:00Z,160m,YO2KAR-#,OK1CF,KN15KV,JO60TL,853.349333,0.441820,0.000000,0.444444,0.000000,-4.283490,3.390543,0.000000,0.002624
2026-06-18T18:46:14Z,160m,EU6KA-#,RC6OZ,KO55BE,KN98BI,936.994000,0.000000,0.422294,0.000000,0.444444,-9.547827,-1.146308,0.022150,0.000000
2026-06-18T18:46:14Z,160m,UA3ZUX-#,RC6OZ,KO90DK,KN98BI,231.969708,0.000000,1.000000,0.000000,1.000000,-9.547827,-7.952143,0.000000,0.000000
2026-06-18T18:46:00Z,160m,YO5PLD-#,RC6OZ,KN05NR,KN98BI,1317.872851,0.000000,0.571813,0.000000,0.555556,-9.524333,-3.318863,0.016258,0.000000
2026-06-18T18:45:43Z,160m,RC6OZ-#,EU6KA,KN98BI,KO55BE,936.994000,0.000000,0.416160,0.000000,0.444444,-9.495771,-1.095483,0.028285,0.000000
2026-06-18T18:45:11Z,160m,DL2RMC-#,EU6KA,JN59IF,KO55BE,1472.915198,0.814407,0.000000,0.777778,0.000000,-1.042915,4.555414,0.000000,0.036630
2026-06-18T18:44:44Z,160m,UA3ZUX-#,SV8EUB,KO90DK,KM27KJ,1799.008287,0.000000,1.000000,0.000000,1.000000,-10.637527,-7.808055,0.000000,0.000000
2026-06-18T18:44:15Z,160m,DK8FT-#,SV8EUB,JN58OE,KM27KJ,1633.302313,0.267733,0.316452,0.333333,0.333333,-10.564753,3.863400,0.016881,0.065600
2026-06-18T18:44:00Z,160m,DL8LAS-#,EU6KA,JO54EF,KO55BE,1268.953977,0.889656,0.000000,0.888889,0.000000,-0.925901,7.447343,0.000000,0.000767
2026-06-18T18:43:48Z,160m,IW9GDC-#,RA6ATZ,JM78SD27UB,KN96JC,2101.539912,0.000000,0.755756,0.000000,0.777778,-11.359621,-4.185303,0.022022,0.000000
2026-06-18T18:43:15Z,160m,OE3GBB-#,RN3OX,JN87AQ,LO00BK,1772.992837,0.107985,0.254250,0.111111,0.333333,-8.364216,1.019296,0.079083,0.003126
2026-06-18T18:42:30Z,160m,SM7GXQ-#,R2EC,JO86FP,KO82AX,1314.083470,0.559208,0.000000,0.555556,0.000000,-4.735652,6.006966,0.000000,0.003652
2026-06-18T18:42:30Z,160m,SM2GHI-#,R2EC,KP25AX,KO82AX,1590.130079,0.648972,0.000000,0.666667,0.000000,-4.735652,8.752152,0.000000,0.017695
2026-06-18T18:41:00Z,160m,ON4RST-#,EU6KA,JO20OS,KO55BE,1728.418180,0.935171,0.000000,0.888889,0.000000,-0.626926,8.983838,0.000000,0.046282
2026-06-18T18:41:00Z,160m,OH5AE-#,RN2T,KP30FR,LO26AH,1128.268298,0.498042,0.000000,0.444444,0.000000,-4.647824,4.611586,0.000000,0.053598
2026-06-18T18:41:00Z,160m,HB9RYZ-#,EU6KA,JN47GA,KO55BE,1748.624715,0.895058,0.000000,0.888889,0.000000,-0.626926,5.301683,0.000000,0.006170
2026-06-18T18:41:00Z,160m,SM2GHI-#,RN2T,KP25AX,LO26AH,1506.176276,0.656158,0.000000,0.666667,0.000000,-4.647824,8.869397,0.000000,0.010509
2026-06-18T18:40:44Z,160m,UA3ZUX-#,RN3OX,KO90DK,LO00BK,129.837450,0.000000,1.000000,0.000000,1.000000,-8.127010,-7.418727,0.000000,0.000000
2026-06-18T18:39:45Z,160m,OH0K/6-#,R2EC,KP03SF,KO82AX,1416.003723,0.644284,0.000000,0.666667,0.000000,-4.471070,8.097648,0.000000,0.022382
2026-06-18T18:39:30Z,160m,SM4JST/RX3-#,R2EC,JO79,KO82AX,1479.590895,0.658029,0.000000,0.666667,0.000000,-4.446859,8.555647,0.000000,0.008638
2026-06-18T18:39:30Z,160m,OH5AE-#,R2EC,KP30FR,KO82AX,1037.977500,0.516364,0.000000,0.555556,0.000000,-4.446859,4.747752,0.000000,0.039192
2026-06-18T18:39:30Z,160m,UA3245SWL-#,R2EC,KO85NT,KO82AX,322.752608,0.000000,0.000000,0.000000,0.000000,-4.446859,-2.664452,0.000000,0.000000
2026-06-18T18:39:30Z,160m,DD3SP-#,R2EC,JO72EN65,KO82AX,1452.781600,0.535024,0.000000,0.555556,0.000000,-4.446859,5.115323,0.000000,0.020532
2026-06-18T18:39:30Z,160m,YO5PLD-#,R2EC,KN05NR,KO82AX,1343.691051,0.000000,0.000000,0.000000,0.000000,-4.446859,-2.430479,0.000000,0.000000
2026-06-18T18:39:00Z,160m,SM5RVH-#,EU6KA,JO88LQ,KO55BE,886.484266,0.945059,0.000000,0.888889,0.000000,-0.425777,7.322754,0.000000,0.056170
2026-06-18T18:38:58Z,160m,R2EC-#,RA6ATZ,KO82AX,KN96JC,789.640366,0.000000,0.751416,0.000000,0.777778,-10.844004,-4.395122,0.026362,0.000000
2026-06-18T18:38:43Z,160m,R2EC-#,EU6KA,KO82AX,KO55BE,457.197771,0.000000,0.000000,0.000000,0.000000,-4.370829,-0.397163,0.000000,0.000000
2026-06-18T18:37:30Z,160m,TA4/G8SCU-#,R4DV,KM56VO,LO21XN,2003.980772,0.000000,1.000000,0.000000,1.000000,-14.179783,-8.984707,0.000000,0.000000
2026-06-18T18:37:00Z,160m,OE9GHV-#,EU6KA,JN47WK,KO55BE,1641.309854,0.959982,0.000000,0.888889,0.000000,-0.223177,5.306972,0.000000,0.071093
2026-06-18T18:36:29Z,160m,UA3ZUX-#,UA9ZZ,KO90DK,NO22QH,3216.683015,0.000000,1.000000,0.000000,1.000000,-14.183614,-6.997058,0.000000,0.000000
2026-06-18T18:35:27Z,160m,RT6C-#,R4DV,KN95WH,LO21XN,826.625174,0.000000,1.000000,0.000000,1.000000,-11.552686,-8.814046,0.000000,0.000000
2026-06-18T18:35:15Z,160m,SM7GXQ-#,R4DV,JO86FP,LO21XN,1987.060492,0.437109,0.179233,0.444444,0.222222,-8.797285,6.834762,0.042989,0.007336
2026-06-18T18:35:15Z,160m,SM2GHI-#,R4DV,KP25AX,LO21XN,2018.650053,0.514532,0.154367,0.555556,0.222222,-8.797285,9.323955,0.067855,0.041023
2026-06-18T18:34:15Z,160m,DL0PF-#,EU6KA,JN68RN,KO55BE,1355.543814,1.000000,0.000000,1.000000,0.000000,0.057741,4.200048,0.000000,0.000000
2026-06-18T18:34:00Z,160m,DL8LAS-#,EU6KA,JO54EF,KO55BE,1268.953977,1.000000,0.000000,1.000000,0.000000,0.083413,8.721236,0.000000,0.000000
2026-06-18T18:33:45Z,160m,DL0PF-#,SV8EUB,JN68RN,KM27KJ,1546.979081,0.322685,0.223933,0.333333,0.222222,-8.961361,4.270783,0.001711,0.010648
2026-06-18T18:33:22Z,160m,KD7EFG-#,W3ATT,DN31UO,FN10VO98,3003.210575,1.000000,0.000000,1.000000,0.000000,64.876619,70.830389,0.000000,0.000000
2026-06-18T18:33:14Z,160m,EU6KA-#,RN2T,KO55BE,LO26AH,878.304442,0.038432,0.000000,0.111111,0.000000,-4.051731,0.162277,0.000000,0.072680
2026-06-18T18:33:00Z,160m,UA3245SWL-#,RN2T,KO85NT,LO26AH,432.774682,0.000000,0.000000,0.000000,0.000000,-4.033417,-2.080814,0.000000,0.000000
2026-06-18T18:33:00Z,160m,9V1RS-#,RN2T,OJ11XJ,LO26AH,8078.256199,0.000000,0.968573,0.000000,0.888889,-57.297832,-4.033417,0.079684,0.000000
2026-06-18T18:33:00Z,160m,OH8WX-#,RN2T,KP45CL,LO26AH,1323.643904,0.661090,0.000000,0.666667,0.000000,-4.033417,7.867724,0.000000,0.005577
2026-06-18T18:32:45Z,160m,VK5ARG-2,VK3ALS,PF95IT,QF22KH,677.748072,0.000000,1.000000,0.000000,1.000000,-39.887794,-35.127292,0.000000,0.000000
2026-06-18T18:32:26Z,160m,SP7NC-#,EU6KA,JO91OO,KO55BE,824.953969,1.000000,0.000000,1.000000,0.000000,0.244792,3.016455,0.000000,0.000000
2026-06-18T18:32:15Z,160m,VK2AMA-#,VK3ALS,QF54HU,QF22KH,586.862484,0.000000,1.000000,0.000000,1.000000,-35.225952,-30.346634,0.000000,0.000000
2026-06-18T18:32:11Z,160m,VK4TUX-#,VK3ALS,QG62EI,QF22KH,1317.802086,0.000000,1.000000,0.000000,1.000000,-35.239108,-27.445457,0.000000,0.000000
2026-06-18T18:31:30Z,160m,OE3GBB-#,SV8EUB,JN87AQ,KM27KJ,1351.991502,0.236093,0.231882,0.222222,0.222222,-8.612341,2.663205,0.009660,0.013870
2026-06-18T18:31:00Z,160m,TA4/G8SCU-#,SV8EUB,KM56VO,KM27KJ,620.358231,0.000000,1.000000,0.000000,1.000000,-13.236749,-8.534527,0.000000,0.000000
2026-06-18T18:31:00Z,160m,S53M-#,SV8EUB,JN86CR,KM27KJ,1258.811204,0.199021,0.238006,0.222222,0.222222,-8.534527,2.121542,0.015784,0.023201
2026-06-18T18:30:45Z,160m,SY1BJV-#,SV8EUB,KM17VX,KM27KJ,115.301198,0.000000,1.000000,0.000000,1.000000,-8.495586,-7.460871,0.000000,0.000000
2026-06-18T18:30:45Z,160m,YO5PLD-#,SV8EUB,KN05NR,KM27KJ,977.437237,0.000000,0.343223,0.000000,0.333333,-8.495586,-1.211799,0.009890,0.000000
2026-06-18T18:30:45Z,160m,IK6IOQ-#,SV8EUB,JN72CK,KM27KJ,1067.327711,0.113459,0.260426,0.111111,0.333333,-8.495586,1.087271,0.072907,0.002348
2026-06-18T18:30:30Z,160m,SM2GHI-#,EU6KA,KP25AX,KO55BE,1243.719344,1.000000,0.000000,1.000000,0.000000,0.445131,9.705462,0.000000,0.000000
2026-06-18T18:30:00Z,160m,S54L-#,EU6KA,JN75FV,KO55BE,1507.982373,1.000000,0.000000,1.000000,0.000000,0.497155,2.850356,0.000000,0.000000
2026-06-18T18:29:00Z,160m,TA4/G8SCU-#,RA6ATZ,KM56VO,KN96JC,1206.010945,0.000000,1.000000,0.000000,1.000000,-12.942863,-9.745054,0.000000,0.000000
2026-06-18T18:28:59Z,160m,EU6KA-#,R4DV,KO55BE,LO21XN,1121.946006,0.067976,0.255517,0.111111,0.333333,-8.262179,0.603206,0.077816,0.043135
2026-06-18T18:28:45Z,160m,OE3GBB-#,EU6KA,JN87AQ,KO55BE,1279.735493,1.000000,0.000000,1.000000,0.000000,0.627596,3.053764,0.000000,0.000000
2026-06-18T18:28:30Z,160m,SM4JST/RX3-#,EU6KA,JO79,KO55BE,1023.183702,1.000000,0.000000,1.000000,0.000000,0.653750,9.747721,0.000000,0.000000
2026-06-18T18:28:30Z,160m,OH8WX-#,EU6KA,KP45CL,KO55BE,1149.098524,1.000000,0.000000,1.000000,0.000000,0.653750,8.219501,0.000000,0.000000
2026-06-18T18:28:30Z,160m,DD3SP-#,EU6KA,JO72EN65,KO55BE,1070.333083,1.000000,0.000000,1.000000,0.000000,0.653750,6.538835,0.000000,0.000000
2026-06-18T18:28:30Z,160m,UA3245SWL-#,EU6KA,KO85NT,KO55BE,446.114582,0.281649,0.000000,0.333333,0.000000,-1.667002,0.653750,0.000000,0.051684
2026-06-18T18:28:30Z,160m,SM0HXM/X-#,EU6KA,JO89TF,KO55BE,874.708704,1.000000,0.000000,1.000000,0.000000,0.653750,8.463990,0.000000,0.000000
2026-06-18T18:28:30Z,160m,YO5PLD-#,EU6KA,KN05NR,KO55BE,1227.416096,0.422065,0.000000,0.444444,0.000000,-0.894337,0.653750,0.000000,0.022380
2026-06-18T18:27:59Z,160m,UA3ZUX-#,RA6ATZ,KO90DK,KN96JC,483.260426,0.000000,1.000000,0.000000,1.000000,-9.630315,-6.129536,0.000000,0.000000
2026-06-18T18:27:59Z,160m,EU6KA-#,RA6ATZ,KO55BE,KN96JC,1178.501853,0.068456,0.351248,0.111111,0.333333,-9.630315,0.707868,0.017914,0.042655
2026-06-18T18:27:15Z,160m,OH0K/6-#,UA3LNM,KP03SF,KO75DF,1143.556643,0.912265,0.000000,0.888889,0.000000,-0.888108,9.233168,0.000000,0.023376
2026-06-18T18:27:00Z,160m,RK3TD-#,RU6C,LO16QW,KN96ID,1241.891156,0.000000,0.524233,0.000000,0.555556,-9.449552,-2.833382,0.031323,0.000000
2026-06-18T18:26:45Z,160m,DK8FT-#,UA3LNM,JN58OE,KO75DF,1761.606680,0.884812,0.000000,0.888889,0.000000,-0.838547,6.391297,0.000000,0.004077
2026-06-18T18:26:45Z,160m,OE3GBB-#,UA3LNM,JN87AQ,KO75DF,1510.142472,0.800097,0.000000,0.777778,0.000000,-0.838547,3.339147,0.000000,0.022319
2026-06-18T18:26:14Z,160m,UA3ZUX-#,UA3LNM,KO90DK,KO75DF,596.496927,0.000000,0.000000,0.000000,0.000000,-5.947008,-0.787236,0.000000,0.000000
2026-06-18T18:26:00Z,160m,OH8WX-#,UA3LNM,KP45CL,KO75DF,1186.518828,0.916879,0.000000,0.888889,0.000000,-0.764031,8.417184,0.000000,0.027990
2026-06-18T18:26:00Z,160m,SM4JST/RX3-#,UA3LNM,JO79,KO75DF,1244.881503,0.929194,0.000000,0.888889,0.000000,-0.764031,10.022557,0.000000,0.040305
2026-06-18T18:26:00Z,160m,YO5LD-#,RU6C,KN05IS,KN96ID,1389.058062,0.000000,0.369800,0.000000,0.333333,-9.335715,-0.278158,0.036467,0.000000
2026-06-18T18:26:00Z,160m,ES5PC-#,RU6C,KO38HJ,KN96ID,1585.666094,0.323415,0.241826,0.333333,0.222222,-9.335715,4.463620,0.019604,0.009918
2026-06-18T18:26:00Z,160m,SM7GXQ-#,UA3LNM,JO86FP,KO75DF,1118.509591,0.912013,0.000000,0.888889,0.000000,-0.764031,7.910802,0.000000,0.023124
2026-06-18T18:26:00Z,160m,YO5PLD-#,UA3LNM,KN05NR,KO75DF,1403.870257,0.000000,0.000000,0.000000,0.000000,-0.764031,-0.539691,0.000000,0.000000
2026-06-18T18:25:45Z,160m,DK8FT-#,RZ6LY,JN58OE,LN06HN,2208.857909,0.398677,0.235516,0.444444,0.222222,-9.848453,6.538097,0.013294,0.045767
2026-06-18T18:25:45Z,160m,TA4/G8SCU-#,RZ6LY,KM56VO,LN06HN,1326.979603,0.000000,1.000000,0.000000,1.000000,-12.461650,-9.848453,0.000000,0.000000
2026-06-18T18:25:45Z,160m,OE3GBB-#,RZ6LY,JN87AQ,LN06HN,1856.273079,0.260745,0.289679,0.333333,0.333333,-9.848453,3.482257,0.043655,0.072589
2026-06-18T18:24:45Z,160m,OE3GBB-#,RZ6CO,JN87AQ,LN04SJ,1992.472692,0.234370,0.377622,0.222222,0.444444,-11.817536,3.625643,0.066823,0.012148
2026-06-18T18:24:30Z,160m,SM4JST/RX3-#,RZ6CO,JO79,LN04SJ,2445.434246,0.463574,0.263419,0.444444,0.333333,-11.789200,10.188132,0.069914,0.019129
2026-06-18T18:24:30Z,160m,OH5AE-#,RZ6CO,KP30FR,LN04SJ,2071.469425,0.342581,0.322972,0.333333,0.333333,-11.789200,6.145870,0.010362,0.009248
2026-06-18T18:24:15Z,160m,UA3245SWL-#,RW2Z,KO85NT,KO81SG,505.757661,0.000000,0.000000,0.000000,0.000000,-4.801758,-1.269001,0.000000,0.000000
2026-06-18T18:24:15Z,160m,DD3SP-#,RW2Z,JO72EN65,KO81SG,1588.473983,0.596605,0.000000,0.555556,0.000000,-4.801758,7.097230,0.000000,0.041049
2026-06-18T18:24:00Z,160m,S54L-#,UA3ZUX,JN75FV,KO90DK,1829.325032,0.395636,0.000000,0.444444,0.000000,-5.712158,3.746574,0.000000,0.048809
2026-06-18T18:24:00Z,160m,SM2GHI-#,RZ6CO,KP25AX,LN04SJ,2623.262780,0.465878,0.261189,0.444444,0.333333,-11.732437,10.236076,0.072145,0.021434
2026-06-18T18:23:29Z,160m,UA3ZUX-#,R3RB,KO90DK,LO03VK86,410.805151,0.000000,0.000000,0.000000,0.000000,-5.657524,-4.755618,0.000000,0.000000
2026-06-18T18:23:15Z,160m,OE3GBB-#,UA3ZUX,JN87AQ,KO90DK,1643.190903,0.405148,0.000000,0.444444,0.000000,-5.632814,3.841237,0.000000,0.039296
2026-06-18T18:23:14Z,160m,RW2Z-#,UA3ZUX,KO81SG,KO90DK,106.573054,0.000000,0.000000,0.000000,0.000000,-5.631048,-4.694994,0.000000,0.000000
2026-06-18T18:23:00Z,160m,DD3SP-#,UA3ZUX,JO72EN65,KO90DK,1664.433980,0.564438,0.000000,0.555556,0.000000,-5.606312,7.262325,0.000000,0.008882
2026-06-18T18:23:00Z,160m,YO5PLD-#,UA3ZUX,KN05NR,KO90DK,1374.471083,0.000000,0.000000,0.000000,0.000000,-5.606312,-0.111500,0.000000,0.000000
2026-06-18T18:23:00Z,160m,OH5AE-#,UA3ZUX,KP30FR,KO90DK,1360.280198,0.528710,0.000000,0.555556,0.000000,-5.606312,6.289223,0.000000,0.026845
2026-06-18T18:22:30Z,160m,DL0PF-#,DL1HB,JN68RN,JO42WN24,511.604526,1.000000,0.000000,1.000000,0.000000,5.879799,9.749701,0.000000,0.000000
2026-06-18T18:22:00Z,160m,IK6IOQ-#,RZ6CO,JN72CK,LN04SJ,2208.062225,0.176108,0.396361,0.222222,0.444444,-11.504163,2.475292,0.048083,0.046114
2026-06-18T18:21:45Z,160m,TA4/G8SCU-#,RZ6CO,KM56VO,LN04SJ,1194.248129,0.000000,1.000000,0.000000,1.000000,-11.863303,-11.475492,0.000000,0.000000
2026-06-18T18:21:44Z,160m,UA3ZUX-#,RZ6CO,KO90DK,LN04SJ,714.741097,0.000000,0.912050,0.000000,0.888889,-11.473580,-5.471634,0.023161,0.000000
2026-06-18T18:21:30Z,160m,YO5PLD-#,RZ6CO,KN05NR,LN04SJ,1605.980677,0.008940,0.473007,0.111111,0.444444,-11.446791,0.103650,0.028562,0.102171
2026-06-18T18:20:00Z,160m,OH5AE-#,R4DV,KP30FR,LO21XN,1569.867081,0.468503,0.104149,0.444444,0.111111,-7.462179,6.577800,0.006962,0.024059
2026-06-18T18:20:00Z,160m,DD3SP-#,R4DV,JO72EN65,LO21XN,2144.688567,0.506569,0.096936,0.555556,0.111111,-7.462179,7.660119,0.014175,0.048987
2026-06-18T18:19:00Z,160m,DL8LAS-#,DL1HB,JO54EF,JO42WN24,188.265374,1.000000,0.000000,1.000000,0.000000,10.228866,10.675229,0.000000,0.000000
2026-06-18T18:18:45Z,160m,OE3GBB-#,DL1HB,JN87AQ,JO42WN24,697.408044,1.000000,0.000000,1.000000,0.000000,4.491671,10.263192,0.000000,0.000000
2026-06-18T18:18:45Z,160m,PD2RPS-#,DL1HB,JO22VW,JO42WN24,277.937115,1.000000,0.000000,1.000000,0.000000,10.263192,12.675923,0.000000,0.000000
2026-06-18T18:18:30Z,160m,SM4JST/RX3-#,DL1HB,JO79,JO42WN24,833.952644,1.000000,0.000000,1.000000,0.000000,10.297532,10.855372,0.000000,0.000000
2026-06-18T18:18:30Z,160m,SM7GXQ-#,DL1HB,JO86FP,JO42WN24,620.711095,1.000000,0.000000,1.000000,0.000000,8.798865,10.297532,0.000000,0.000000
2026-06-18T18:18:30Z,160m,DL0PF-#,DL1HB,JN68RN,JO42WN24,511.604526,1.000000,0.000000,1.000000,0.000000,6.459696,10.297532,0.000000,0.000000
2026-06-18T18:18:00Z,160m,S54L-#,DL1HB,JN75FV,JO42WN24,812.174397,1.000000,0.000000,1.000000,0.000000,4.652377,10.366250,0.000000,0.000000
2026-06-18T18:16:44Z,160m,UA3ZUX-#,RA4CA,KO90DK,LO31LM,618.192052,0.000000,0.596441,0.000000,0.555556,-7.562818,-4.933446,0.040885,0.000000
2026-06-18T18:16:30Z,160m,DD3SP-#,RA4CA,JO72EN65,LO31LM,2212.529126,0.518752,0.098623,0.555556,0.111111,-7.541591,8.126963,0.012488,0.036804
2026-06-18T18:16:15Z,160m,OE3GBB-#,R4DV,JN87AQ,LO21XN,2181.434551,0.404981,0.094027,0.444444,0.111111,-7.117023,4.855350,0.017084,0.039464
2026-06-18T18:16:00Z,160m,UA3245SWL-#,R4DV,KO85NT,LO21XN,748.470487,0.000000,0.165325,0.000000,0.222222,-7.093782,-0.476962,0.056897,0.000000
2026-06-18T18:15:00Z,160m,TA4/G8SCU-#,R7NA,KM56VO,LN07CQ,1412.355437,0.000000,1.000000,0.000000,1.000000,-10.838792,-7.616531,0.000000,0.000000
2026-06-18T18:15:00Z,160m,OE9GHV-#,S51DX,JN47WK,JN75DW,375.841759,1.000000,0.000000,1.000000,0.000000,5.230477,8.610250,0.000000,0.000000
2026-06-18T18:15:00Z,160m,S53A-#,S51DX,JN75FT,JN75DW,18.965081,1.000000,0.000000,1.000000,0.000000,5.068671,5.230477,0.000000,0.000000
2026-06-18T18:14:55Z,160m,DL0PF-#,S51DX,JN68RN,JN75DW,298.581650,1.000000,0.000000,1.000000,0.000000,5.243192,6.982523,0.000000,0.000000
2026-06-18T18:14:45Z,160m,YO5PLD-#,R7NA,KN05NR,LN07CQ,1467.418269,0.124213,0.184326,0.111111,0.222222,-7.588340,1.080342,0.037896,0.013102
2026-06-18T18:14:30Z,160m,OE3GBB-#,R7NA,JN87AQ,LN07CQ,1801.577012,0.403110,0.123502,0.444444,0.111111,-7.560121,5.110895,0.012391,0.041334
2026-06-18T18:14:15Z,160m,DD3SP-#,R7NA,JO72EN65,LN07CQ,1908.046194,0.528121,0.096035,0.555556,0.111111,-7.531876,8.428611,0.015076,0.027435
2026-06-18T18:13:44Z,160m,RW2Z-#,R9SAP,KO81SG,LO63TQ,1119.207927,0.000000,0.429318,0.000000,0.444444,-7.715164,-3.676995,0.015126,0.000000
2026-06-18T18:10:29Z,160m,UA3ZUX-#,UA9ZZ,KO90DK,NO22QH,3216.683015,0.000000,0.837382,0.000000,0.777778,-14.245513,-4.246266,0.059604,0.000000
2026-06-18T18:06:55Z,160m,M0EYT-#,RU3TMP/R,IO80XS,LN39,3433.465912,0.690164,0.084864,0.666667,0.111111,-8.258669,18.306271,0.026247,0.023497
2026-06-18T18:04:59Z,160m,UI4I-#,RC9WC,LO43PM,LO85GK82,514.263246,0.000000,0.610701,0.000000,0.555556,-6.414177,-5.728446,0.055145,0.000000
2026-06-18T18:03:59Z,160m,UA3ZUX-#,RC9WC,KO90DK,LO85GK82,1338.255592,0.000000,0.125776,0.000000,0.222222,-6.343559,-3.515031,0.096447,0.000000
2026-06-18T18:03:45Z,160m,JH6QOK-#,UI4I,PM51MR,LO43PM,6705.291465,0.000000,0.983229,0.000000,0.888889,-21.963301,-5.619989,0.094340,0.000000
2026-06-18T18:02:45Z,160m,UA3245SWL-#,UI4I,KO85NT,LO43PM,821.583116,0.132713,0.000000,0.222222,0.000000,-5.531556,0.846883,0.000000,0.089509
2026-06-18T18:02:45Z,160m,OH5AE-#,UI4I,KP30FR,LO43PM,1582.288255,0.599635,0.000000,0.555556,0.000000,-5.531556,8.283729,0.000000,0.044079
2026-06-18T18:02:45Z,160m,SM2GHI-#,UI4I,KP25AX,LO43PM,1954.095346,0.685125,0.000000,0.666667,0.000000,-5.531556,12.035832,0.000000,0.018458
2026-06-18T18:02:30Z,160m,AA6KL-#,R96EOX/R,CM87WJ48,RQ26,5540.084414,1.000000,0.000000,1.000000,0.000000,19.397116,59.417712,0.000000,0.000000
2026-06-18T18:02:15Z,160m,DK8FT-#,RG5A,JN58OE,KN93,2201.843445,0.542185,0.134418,0.555556,0.222222,-8.491687,10.054513,0.087804,0.013370
2026-06-18T18:02:15Z,160m,S53M-#,RG5A,JN86CR,KN93,1817.355509,0.428816,0.167756,0.444444,0.222222,-8.491687,6.377264,0.054466,0.015629
2026-06-18T18:00:45Z,160m,TA4/G8SCU-#,RG5A,KM56VO,KN93,981.203120,0.000000,1.000000,0.000000,1.000000,-8.617934,-8.295835,0.000000,0.000000
2026-06-18T18:00:45Z,160m,TA4/G8SCU-#,RZ6ASO,KM56VO,KN95IL,1143.674757,0.000000,1.000000,0.000000,1.000000,-8.617934,-6.776368,0.000000,0.000000
2026-06-18T18:00:45Z,160m,OE3GBB-#,RZ6ASO,JN87AQ,KN95IL,1743.196813,0.513275,0.055823,0.555556,0.111111,-6.776368,7.145504,0.055289,0.042281
2026-06-18T18:00:45Z,160m,OE3GBB-#,RG5A,JN87AQ,KN93,1838.489950,0.462718,0.148786,0.444444,0.222222,-8.295835,7.145504,0.073436,0.018274
2026-06-18T18:00:30Z,160m,YO5PLD-#,RG5A,KN05NR,KN93,1433.277615,0.278116,0.197942,0.333333,0.222222,-8.263101,3.185999,0.024280,0.055218
2026-06-18T18:00:30Z,160m,YO5PLD-#,RZ6ASO,KN05NR,KN95IL,1365.391475,0.320615,0.075169,0.333333,0.111111,-6.744708,3.185999,0.035942,0.012718
2026-06-18T18:00:28Z,160m,K9PSX-#,K0KPS,DM09NK,DM79KQ,1177.872818,1.000000,0.000000,1.000000,0.000000,60.680780,69.206034,0.000000,0.000000
2026-06-18T18:00:28Z,160m,K9PSX-#,KY0R,DM09NK,DM78PF,1233.128080,1.000000,0.000000,1.000000,0.000000,60.680780,70.480550,0.000000,0.000000
2026-06-18T17:59:12Z,160m,G7RAU-#,BH8WZL,IN79JX,OL15,9059.073231,0.336855,0.569557,0.333333,0.555556,-39.610586,21.289619,0.014002,0.003521
2026-06-18T17:59:00Z,160m,DL8LAS-#,OK0EV,JO54EF,JO70UF,573.925990,1.000000,0.000000,1.000000,0.000000,8.742497,13.352988,0.000000,0.000000
2026-06-18T17:58:47Z,160m,IW9GDC-#,UA9ZZ,JM78SD27UB,NO22QH,5461.291873,0.183812,0.490413,0.222222,0.444444,-14.134302,3.411377,0.045968,0.038410
2026-06-18T17:57:45Z,160m,TA4/G8SCU-#,RG7M,KM56VO,KN97RG,1343.382879,0.000000,0.829400,0.000000,0.777778,-8.140841,-5.535774,0.051623,0.000000
2026-06-18T17:57:30Z,160m,SM4JST/RX3-#,RG7M,JO79,KN97RG,2095.302759,0.706470,0.000000,0.666667,0.000000,-5.505208,13.249011,0.000000,0.039803
2026-06-18T17:57:30Z,160m,DD3SP-#,RG7M,JO72EN65,KN97RG,1878.653802,0.660576,0.000000,0.666667,0.000000,-5.505208,10.710077,0.000000,0.006091
2026-06-18T17:57:30Z,160m,OH5AE-#,RG7M,KP30FR,KN97RG,1713.816616,0.615734,0.000000,0.555556,0.000000,-5.505208,8.817980,0.000000,0.060179
2026-06-18T17:57:30Z,160m,UA3245SWL-#,RG7M,KO85NT,KN97RG,963.254923,0.201268,0.000000,0.222222,0.000000,-5.505208,1.388390,0.000000,0.020954
2026-06-18T17:57:30Z,160m,JH6QOK-#,RG7M,PM51MR,KN97RG,7590.359685,0.000000,0.980935,0.000000,0.888889,-22.826680,-5.505208,0.092046,0.000000
2026-06-18T17:57:30Z,160m,YO5PLD-#,RG7M,KN05NR,KN97RG,1410.371748,0.397599,0.000000,0.444444,0.000000,-5.505208,3.636499,0.000000,0.046846
2026-06-18T17:57:30Z,160m,SM7GXQ-#,RG7M,JO86FP,KN97RG,1875.404036,0.673461,0.000000,0.666667,0.000000,-5.505208,11.354005,0.000000,0.006794
2026-06-18T17:49:00Z,160m,G4IRN-#,G8BCG,IO82MO,IO70RK,264.642894,1.000000,0.000000,1.000000,0.000000,21.968563,22.558792,0.000000,0.000000
2026-06-18T17:49:00Z,160m,DL8LAS-#,OK0EV,JO54EF,JO70UF,573.925990,1.000000,0.000000,1.000000,0.000000,10.186373,14.719469,0.000000,0.000000
2026-06-18T17:48:41Z,160m,G7RAU-#,G8BCG,IN79JX,IO70RK,69.628479,1.000000,0.000000,1.000000,0.000000,22.608451,22.951371,0.000000,0.000000
2026-06-18T17:47:00Z,160m,OE3GBB-#,UA6BRD,JN87AQ,LN05GK55AA,1881.712859,0.606675,0.000000,0.555556,0.000000,-5.984188,9.224606,0.000000,0.051119
2026-06-18T17:46:59Z,160m,EX8MCD-#,UA9ZZ,MN72HV26,NO22QH,1318.402809,0.000000,1.000000,0.000000,1.000000,-21.432255,-13.935168,0.000000,0.000000
2026-06-18T17:42:45Z,160m,YO5PLD-#,UA6BRD,KN05NR,LN05GK55AA,1507.681328,0.520097,0.000000,0.555556,0.000000,-5.431299,5.885521,0.000000,0.035459
2026-06-18T17:42:30Z,160m,TA4/G8SCU-#,UA6BRD,KM56VO,LN05GK55AA,1224.608727,0.000000,0.000000,0.000000,0.000000,-5.667667,-5.398558,0.000000,0.000000
2026-06-18T17:42:29Z,160m,UA3ZUX-#,UA6BRD,KO90DK,LN05GK55AA,580.616810,0.000000,0.000000,0.000000,0.000000,-5.396374,-0.982370,0.000000,0.000000
2026-06-18T17:32:00Z,160m,DL8LAS-#,OK0EV,JO54EF,JO70UF,573.925990,1.000000,0.000000,1.000000,0.000000,12.688074,17.079256,0.000000,0.000000
2026-06-18T17:29:01Z,160m,KD7EFG-#,AT3T,DN31UO,ML80MS,13012.927824,0.601841,0.341704,0.555556,0.333333,-41.303690,58.874334,0.008370,0.046286
2026-06-18T17:16:15Z,160m,DS3PIC-#,A62IZ/R,PM36OG,LN46,6354.012470,0.000000,0.986589,0.000000,0.888889,-25.471774,-5.655166,0.097700,0.000000
2026-06-18T17:14:00Z,160m,OE3GBB-#,UA3ZUX,JN87AQ,KO90DK,1643.190903,1.000000,0.000000,1.000000,0.000000,2.618059,14.371819,0.000000,0.000000
2026-06-18T17:06:14Z,160m,HA1SU-#,BA5AN,JN87PO06,PM00LL,8481.175341,0.288085,0.596333,0.333333,0.555556,-33.633008,14.785365,0.040777,0.045249
2026-06-18T17:05:59Z,160m,HA1SU-#,G8OO,JN87PO06,JO02KS,1298.343919,1.000000,0.000000,1.000000,0.000000,14.825280,26.146044,0.000000,0.000000
2026-06-18T17:03:00Z,160m,W1NT-6-#,CU0TVT,FN42LU,KM38,7776.089755,1.000000,0.000000,1.000000,0.000000,5.312948,70.220881,0.000000,0.000000
2026-06-18T16:50:53Z,160m,KD7EFG-#,TA4A,DN31UO,KM57GS,10417.626314,1.000000,0.000000,1.000000,0.000000,4.630345,53.202895,0.000000,0.000000
2026-06-18T16:48:00Z,160m,M1GEO-#,G0TMX,JO02EH,JO02IF,24.500957,1.000000,0.000000,1.000000,0.000000,28.948175,29.154162,0.000000,0.000000
2026-06-18T16:39:38Z,160m,KD7EFG-#,HA7A,DN31UO,JN49CX,8302.566818,1.000000,0.000000,1.000000,0.000000,25.396622,53.392684,0.000000,0.000000
2026-06-18T16:35:30Z,160m,K3DFL-#,OM1CCK,FN20JD,JO84,6614.278440,1.000000,0.000000,1.000000,0.000000,21.385938,72.356633,0.000000,0.000000
2026-06-18T16:27:14Z,160m,JL1UXH-#,JA9RRH,PM95UO86,PM87OK,302.410571,0.000000,1.000000,0.000000,1.000000,-25.978537,-25.185934,0.000000,0.000000
2026-06-18T16:27:00Z,160m,DS3PIC-#,JA9RRH,PM36OG,PM87OK,898.706560,0.000000,1.000000,0.000000,1.000000,-28.936968,-25.204803,0.000000,0.000000
2026-06-18T16:27:00Z,160m,9V1RS-#,JA9RRH,OJ11XJ,PM87OK,5255.386512,0.000000,1.000000,0.000000,1.000000,-63.492400,-25.204803,0.000000,0.000000
2026-06-18T16:25:45Z,160m,DS3PIC-#,7L1QCJ,PM36OG,PM52FX,471.524412,0.000000,1.000000,0.000000,1.000000,-31.428819,-28.998662,0.000000,0.000000
2026-06-18T16:23:45Z,160m,JH6QOK-#,7L1QCJ,PM51MR,PM52FX,149.403321,0.000000,1.000000,0.000000,1.000000,-32.595505,-31.555837,0.000000,0.000000
2026-06-18T16:22:56Z,160m,KD7EFG-#,NA4E,DN31UO,EM86RN18GX,2614.495794,1.000000,0.000000,1.000000,0.000000,47.141294,70.246777,0.000000,0.000000
2026-06-18T15:56:55Z,160m,KD7EFG-#,K5OA,DN31UO,DM13JN96,993.169104,1.000000,0.000000,1.000000,0.000000,38.441164,42.322500,0.000000,0.000000
2026-06-18T15:54:45Z,160m,JH6QOK-#,JN3LNI,PM51MR,PM74XT,571.252186,0.000000,1.000000,0.000000,1.000000,-34.124696,-30.204309,0.000000,0.000000
2026-06-18T15:51:58Z,160m,KD7EFG-#,K5EEE,DN31UO,EL98LM,3170.376497,1.000000,0.000000,1.000000,0.000000,41.400398,68.432583,0.000000,0.000000
2026-06-18T15:35:00Z,160m,M1GEO-#,G0UF,JO02EH,JO02,47.245953,1.000000,0.000000,1.000000,0.000000,39.795637,40.210746,0.000000,0.000000
2026-06-18T15:25:44Z,160m,BV2LD-#,LY5W,PL05QB,KO15UG,8204.164951,0.400258,0.513199,0.444444,0.555556,-40.983707,27.598701,0.042357,0.044186
2026-06-18T15:24:44Z,160m,BV2LD-#,BA4IAW,PL05QB,OM87,1443.624163,0.000000,1.000000,0.000000,1.000000,-40.947245,-28.028984,0.000000,0.000000
2026-06-18T15:24:44Z,160m,BV2LD-#,R4RY,PL05QB,LO45GE,6668.555118,0.250500,0.641619,0.333333,0.666667,-40.947245,13.913244,0.025048,0.082834
2026-06-18T15:24:44Z,160m,BV2LD-#,JG8FWH,PL05QB,QN03RB,2711.144994,0.000000,1.000000,0.000000,1.000000,-40.947245,-22.559946,0.000000,0.000000
2026-06-18T15:24:44Z,160m,BV2LD-#,R0ADK,PL05QB,NO56LL,4261.104994,0.000000,0.942493,0.000000,0.888889,-40.947245,-3.853540,0.053604,0.000000
2026-06-18T15:24:15Z,160m,6K2LYN/SDR-#,8H5AJT/R,PM37NL,MO67,4477.376224,0.105333,0.714175,0.111111,0.666667,-29.075459,3.503493,0.047508,0.005778
2026-06-18T15:24:14Z,160m,BV2LD-#,JF1VST,PL05QB,PM95LM,2044.679118,0.000000,1.000000,0.000000,1.000000,-40.928575,-30.352293,0.000000,0.000000
2026-06-18T15:24:14Z,160m,BV2LD-#,BG8PB,PL05QB,OL36IM,1476.497431,0.000000,1.000000,0.000000,1.000000,-40.928575,-35.519846,0.000000,0.000000
2026-06-18T15:23:44Z,160m,BV2LD-#,BI8EJM,PL05QB,OM18IG,2289.237342,0.000000,1.000000,0.000000,1.000000,-40.909614,-23.437600,0.000000,0.000000
2026-06-18T15:23:44Z,160m,BV2LD-#,OM3DX,PL05QB,KN08PO,8640.697800,0.412705,0.502971,0.444444,0.555556,-40.909614,29.101252,0.052584,0.031739
2026-06-18T15:23:44Z,160m,BV2LD-#,RW9MZ,PL05QB,MO74JW,5028.199648,0.026465,0.832697,0.111111,0.777778,-40.909614,1.127700,0.054919,0.084646
2026-06-18T15:23:44Z,160m,BV2LD-#,BD1AV,PL05QB,ON80GD,1736.452041,0.000000,1.000000,0.000000,1.000000,-40.909614,-25.326699,0.000000,0.000000
2026-06-18T15:23:44Z,160m,BV2LD-#,UA9LKL,PL05QB,MO27NC,5673.459347,0.139547,0.735905,0.222222,0.666667,-40.909614,6.722160,0.069239,0.082676
2026-06-18T15:23:44Z,160m,BV2LD-#,BH2XJD,PL05QB,PN11QS,1866.980291,0.000000,1.000000,0.000000,1.000000,-40.909614,-24.580438,0.000000,0.000000
2026-06-18T15:23:44Z,160m,BV2LD-#,RG5A,PL05QB,KN93,7532.562454,0.275860,0.621918,0.333333,0.555556,-40.909614,16.128106,0.066363,0.057473
2026-06-18T15:23:44Z,160m,BV2LD-#,BH1UWJ,PL05QB,ON80,1763.972204,0.000000,1.000000,0.000000,1.000000,-40.909614,-25.058587,0.000000,0.000000
2026-06-18T15:23:44Z,160m,BV2LD-#,JG5VFK,PL05QB,PM74GC,1619.718727,0.000000,1.000000,0.000000,1.000000,-40.909614,-32.272842,0.000000,0.000000
2026-06-18T15:23:44Z,160m,BV2LD-#,BA8BLK,PL05QB,OM21EC,1795.379708,0.000000,1.000000,0.000000,1.000000,-40.909614,-30.456835,0.000000,0.000000
2026-06-18T15:23:44Z,160m,BV2LD-#,BG8GVJ,PL05QB,OL39HP,1541.841112,0.000000,1.000000,0.000000,1.000000,-40.909614,-32.614937,0.000000,0.000000
2026-06-18T15:23:44Z,160m,BV2LD-#,BH8PSM,PL05QB,OL36IO,1477.020909,0.000000,1.000000,0.000000,1.000000,-40.909614,-35.396340,0.000000,0.000000
2026-06-18T15:23:44Z,160m,BV2LD-#,BG7ZHS,PL05QB,OK49,1414.573933,0.000000,1.000000,0.000000,1.000000,-42.711688,-40.909614,0.000000,0.000000
2026-06-18T15:23:30Z,160m,DL0PF-#,SK7XOV,JN68RN,KP46,2185.365831,1.000000,0.000000,1.000000,0.000000,25.506469,34.319225,0.000000,0.000000
2026-06-18T15:23:29Z,160m,BV2LD-#,BG0DRM,PL05QB,NN01,4125.804803,0.000000,1.000000,0.000000,1.000000,-40.900024,-11.113286,0.000000,0.000000
2026-06-18T15:23:29Z,160m,BV2LD-#,JR2EVU,PL05QB,PM85,1892.589721,0.000000,1.000000,0.000000,1.000000,-40.900024,-30.652425,0.000000,0.000000
2026-06-18T15:23:29Z,160m,BV2LD-#,IQ7KM,PL05QB,JN81DF44,9357.175808,0.437220,0.482635,0.444444,0.444444,-40.900024,32.213796,0.038190,0.007224
2026-06-18T15:23:29Z,160m,BV2LD-#,BI2QMT,PL05QB,PN12,1944.663710,0.000000,1.000000,0.000000,1.000000,-40.900024,-23.820299,0.000000,0.000000
2026-06-18T15:23:29Z,160m,BV2LD-#,JS1RQB,PL05QB,QM05CM,2143.866254,0.000000,1.000000,0.000000,1.000000,-40.900024,-30.188837,0.000000,0.000000
2026-06-18T15:23:29Z,160m,BV2LD-#,UA6HRB,PL05QB,LN14LM,7198.913948,0.245674,0.647702,0.222222,0.666667,-40.900024,13.788680,0.018965,0.023452
2026-06-18T15:23:29Z,160m,BV2LD-#,JA9PHV,PL05QB,PM86CB,1870.174005,0.000000,1.000000,0.000000,1.000000,-40.900024,-30.180286,0.000000,0.000000
2026-06-18T15:23:29Z,160m,BV2LD-#,BD7PWV,PL05QB,OL62MM,893.520365,0.000000,1.000000,0.000000,1.000000,-41.380102,-40.900024,0.000000,0.000000
2026-06-18T15:23:29Z,160m,BV2LD-#,R0AF,PL05QB,NP60MI,4482.379800,0.000000,0.878289,0.000000,0.888889,-40.900024,-1.149805,0.010600,0.000000
2026-06-18T15:23:29Z,160m,BV2LD-#,BD7KWU,PL05QB,OL62KV,896.354862,0.000000,1.000000,0.000000,1.000000,-41.062560,-40.900024,0.000000,0.000000
2026-06-18T15:23:29Z,160m,BV2LD-#,BA7SAY,PL05QB,OL53LL,1070.183883,0.000000,1.000000,0.000000,1.000000,-40.900024,-39.792815,0.000000,0.000000
2026-06-18T15:23:29Z,160m,BV2LD-#,BI8SCC,PL05QB,OL02IA,2131.535964,0.000000,1.000000,0.000000,1.000000,-40.900024,-36.660184,0.000000,0.000000
2026-06-18T15:23:29Z,160m,BV2LD-#,BG2FYO,PL05QB,PN35HS,2349.954901,0.000000,1.000000,0.000000,1.000000,-40.900024,-20.769279,0.000000,0.000000
2026-06-18T15:23:29Z,160m,BV2LD-#,BI4MPH,PL05QB,PM07QM,1385.303461,0.000000,1.000000,0.000000,1.000000,-40.900024,-28.596669,0.000000,0.000000
2026-06-18T15:21:56Z,160m,VK4TUX-#,JH4BYS,QG62EI,PM64RM,7193.433440,0.000000,1.000000,0.000000,1.000000,-71.076816,-31.963148,0.000000,0.000000
2026-06-18T15:21:00Z,160m,VK5ARG-2,JH4BYS,PF95IT,PM64RM,7659.556485,0.000000,1.000000,0.000000,1.000000,-82.496580,-31.975943,0.000000,0.000000
2026-06-18T15:20:45Z,160m,DS3PIC-#,JH4BYS,PM36OG,PM64RM,598.863843,0.000000,1.000000,0.000000,1.000000,-31.979227,-30.253242,0.000000,0.000000
2026-06-18T15:20:15Z,160m,JN3LNI-#,JH4BYS,PM74XT,PM64RM,230.919985,0.000000,1.000000,0.000000,1.000000,-31.985614,-31.522108,0.000000,0.000000
2026-06-18T15:19:00Z,160m,DK8JV-#,DA6PM,JO31LG89,JO31LF,4.633122,1.000000,0.000000,1.000000,0.000000,38.875536,38.883418,0.000000,0.000000
2026-06-18T15:09:47Z,160m,KD7EFG-#,NA4EA,DN31UO,FM04MU,2986.570387,1.000000,0.000000,1.000000,0.000000,33.521166,60.112353,0.000000,0.000000
2026-06-18T14:53:28Z,160m,JA7OXV-#,JN3LNI,QM07LP,PM74XT,547.944024,0.000000,1.000000,0.000000,1.000000,-31.767650,-28.824347,0.000000,0.000000
2026-06-18T14:53:15Z,160m,JE4XWS-#,JN3LNI,PM54QH,PM74XT,423.322943,0.000000,1.000000,0.000000,1.000000,-32.029150,-31.766814,0.000000,0.000000
2026-06-18T14:47:00Z,160m,M1GEO-#,G0UFB,JO02EH,IO92,95.573853,1.000000,0.000000,1.000000,0.000000,47.096504,47.760481,0.000000,0.000000
2026-06-18T14:39:00Z,160m,VK5ARG-2,JG3GNU,PF95IT,PM75LM,7761.001766,0.000000,1.000000,0.000000,1.000000,-87.003830,-30.829518,0.000000,0.000000
2026-06-18T14:38:28Z,160m,JA7OXV-#,JG3GNU,QM07LP,PM75LM,585.371567,0.000000,1.000000,0.000000,1.000000,-30.818095,-28.941302,0.000000,0.000000
2026-06-18T14:38:15Z,160m,VR2SWL-#,JG3GNU,OL72CG,PM75LM,2491.138175,0.000000,1.000000,0.000000,1.000000,-37.532982,-30.813378,0.000000,0.000000
2026-06-18T14:38:15Z,160m,DS3PIC-#,JG3GNU,PM36OG,PM75LM,702.867878,0.000000,1.000000,0.000000,1.000000,-30.813378,-28.963690,0.000000,0.000000
2026-06-18T14:38:15Z,160m,JE4XWS-#,JG3GNU,PM54QH,PM75LM,353.240487,0.000000,1.000000,0.000000,1.000000,-31.593680,-30.813378,0.000000,0.000000
2026-06-18T14:36:30Z,160m,M0CRX-#,G8HUL,IO91KF,IO90LS,51.296869,1.000000,0.000000,1.000000,0.000000,49.859132,50.036924,0.000000,0.000000
2026-06-18T14:35:15Z,160m,OX3HI-#,RZ8SFM,GP47PA,OQ57,3897.992607,1.000000,0.000000,1.000000,0.000000,12.519070,45.724001,0.000000,0.000000
2026-06-18T14:30:30Z,160m,M0CRX-#,G6DDN,IO91KF,IO93BS,287.139586,1.000000,0.000000,1.000000,0.000000,49.669955,50.669520,0.000000,0.000000
2026-06-18T14:30:15Z,160m,M0CRX-#,G8VHI,IO91KF,IO92FM,146.446684,1.000000,0.000000,1.000000,0.000000,50.232210,50.702969,0.000000,0.000000
